Section,Page/Section,Primary CTA,Redirect to,Status
Homepage,Hero,Talk to an Expert,Contact us Page,
Homepage,Hero,Explore the AI-First Digital Engineering Platform,https://dev.celsiortech.us/our-focus/ai-first-digital-engineering,
Homepage,Hero,Explore Banking & Financial capabilities,https://dev.celsiortech.us/banking-financial-services,
Homepage,Hero,Explore Insurance capabilities,https://dev.celsiortech.us/industries/insurance,
Homepage,Hero,Explore Healthcare capabilities,https://dev.celsiortech.us/industries/healthcare,
Homepage,Start where you priority is,Business Leaders,https://dev.celsiortech.us/our-focus/ai-adoption,
Homepage,Start where you priority is,Technology leaders,https://dev.celsiortech.us/capabilities/ai-led-engineering,
Homepage,Start where you priority is,Platform owners,https://dev.celsiortech.us/partners,
Homepage,"Start where you priority is","Operations, vendors..",https://dev.celsiortech.us/solutions/managed-programs,
Homepage,AI Powered Platforms,Learn More — AI-First Digital Engineering / Synthetix,https://dev.celsiortech.us/frameworks-accelerators/synthetix,
Homepage,AI Powered Platforms,Learn More — CAFÉ,https://dev.celsiortech.us/frameworks-accelerators,
Homepage,AI Powered Platforms,Learn More — HALO,https://dev.celsiortech.us/frameworks-accelerators,
Homepage,AI Powered Platforms,Learn More — AiDeviser,https://dev.celsiortech.us/frameworks-accelerators,
Homepage,AI Powered Platforms,Learn More — Agentic RAG,https://dev.celsiortech.us/frameworks-accelerators,
Homepage,Five ways to work with Celsior…,Get Started,https://dev.celsiortech.us/solutions/technology-consulting,
Homepage,Pilots & copilots,,https://dev.celsiortech.us/celsior-ai-lab,
Homepage,ServiceNow / Guidewire / Cloud,,https://dev.celsiortech.us/partners,
Homepage,Pre-built usecases,,https://dev.celsiortech.us/frameworks-accelerators,
Homepage,Banking,,https://dev.celsiortech.us/banking-financial-services,
Homepage,Insurance,,https://dev.celsiortech.us/industries/insurance,
Homepage,Healthcare,,https://dev.celsiortech.us/industries/healthcare,
Our Focus,AI-first digital engineering,,,
